{

"images": [
    "sprite_2.png"
],

"framerate": 20,
"frames": [
    [1, 1, 320, 480, 0, 0, 0],
    [323, 1, 320, 480, 0, 0, 0],
    [645, 1, 320, 480, 0, 0, 0],
    [967, 1, 320, 480, 0, 0, 0],
    [1289, 1, 320, 480, 0, 0, 0],
    [1611, 1, 320, 480, 0, 0, 0],
    [1, 483, 320, 480, 0, 0, 0],
    [323, 483, 320, 480, 0, 0, 0],
    [645, 483, 320, 480, 0, 0, 0],
    [967, 483, 320, 480, 0, 0, 0],
    [1289, 483, 320, 480, 0, 0, 0],
    [1611, 483, 320, 480, 0, 0, 0],
    [1, 965, 320, 480, 0, 0, 0],
    [323, 965, 320, 480, 0, 0, 0],
    [645, 965, 320, 480, 0, 0, 0],
    [967, 965, 320, 480, 0, 0, 0],
    [1289, 965, 320, 480, 0, 0, 0],
    [1611, 965, 320, 480, 0, 0, 0],
    [1, 1447, 320, 480, 0, 0, 0],
    [323, 1447, 320, 480, 0, 0, 0],
    [645, 1447, 320, 480, 0, 0, 0],
    [967, 1447, 320, 480, 0, 0, 0],
    [1289, 1447, 320, 480, 0, 0, 0]
],

"animations": {
    "particule": { "frames": [0, 1, 2, 3, 4, 5, 6, 7, 8, 9, 10, 11, 12, 13, 14, 15, 16, 17, 18, 19, 20, 21, 22] }
},

"texturepacker": [
        "SmartUpdateHash: $TexturePacker:SmartUpdate:49f8d67608e715e47ae75572cd3d8433:8573e4057b0b9cac91b79fca92d24f57:1f8d5ec8985d7b7b8a13d84435c5d851$",
        "Created with TexturePacker (https://www.codeandweb.com/texturepacker) for EaselJS"
]

}
